<beans xmlns="http://www.springframework.org/schema/beans"
	xmlns:xsi="http://www.w3.org/2001/XMLSchema-instance" xmlns:mvc="http://www.springframework.org/schema/mvc"
	xmlns:context="http://www.springframework.org/schema/context"
	xmlns:aop="http://www.springframework.org/schema/aop" xmlns:tx="http://www.springframework.org/schema/tx"
	xsi:schemaLocation="http://www.springframework.org/schema/beans 
		http://www.springframework.org/schema/beans/spring-beans-3.2.xsd 
		http://www.springframework.org/schema/mvc 
		http://www.springframework.org/schema/mvc/spring-mvc-3.2.xsd 
		http://www.springframework.org/schema/context 
		http://www.springframework.org/schema/context/spring-context-3.2.xsd 
		http://www.springframework.org/schema/aop 
		http://www.springframework.org/schema/aop/spring-aop-3.2.xsd 
		http://www.springframework.org/schema/tx 
		http://www.springframework.org/schema/tx/spring-tx-3.2.xsd ">
	<!-- 扫描包 -->
	<context:component-scan base-package="com"></context:component-scan>
	<context:property-placeholder location="classpath:const.properties"/>
	<!-- 开启注解 -->
	<mvc:annotation-driven></mvc:annotation-driven>
	
	<!-- 视图解析器 -->
	<bean class="org.springframework.web.servlet.view.InternalResourceViewResolver">
		<!-- 前缀 -->
		<property name="prefix" value="/WEB-INF/jsp/"></property>
		<!-- 后缀 -->
		<property name="suffix" value=".jsp"></property>
	</bean>
	
	<!-- 解决拦截静态资源的问题 -->
    <mvc:default-servlet-handler/>
</beans>